"N°","Canción","Tono","Tempo","Interprete","Hipervinculo","URL","Categoría","Fecha de ultima interpretación"
21,"Rompe los cielos","G","","Nancy Ramirez","Rompe los cielos - Nancy Ramirez","Rompe los cielos (Adriana Acosta y Veronica Rodriguez)","Alabanza","2026-10-04"
31,"Somos el pueblo de Dios","C","","Marcos Wit ","Somos el pueblo de Dios - Marcos Wit ","https://www.youtube.com/watch?v=GCnyax1nCPc&list=RDGCnyax1nCPc&start_radio=1","Alabanza","2026-10-04"
29,"Perfume a tus pies","D","","En espiritu y verdad ","Perfume a tus pies - En espiritu y verdad ","Perfume A Tus Pies  - Jaz Jacob & En Espíritu y En Verdad (En Vivo)","Adoracion ","2026-10-04"
25,"Eres todo poderoso","Em","","Danilo Montero ","Eres todo poderoso - Danilo Montero ","ERES TODOPODEROSO - Danilo Montero","Alabanza","2026-10-04"
14,"Grande y fuerte ","Am","","","","","Alabanza","2026-09-13"
3,"La casa de Dios","A","","Danilo Montero ","La casa de Dios - Danilo Montero ","La Casa De Dios","Alabanza","2026-09-13"
17,"Santo es el que vive ","Em","133 BPM","Monte Santo","Santo es el que vive  - Monte Santo","https://www.youtube.com/watch?v=ToDXDSQUrms&list=RDToDXDSQUrms&start_radio=1","Adoracion ","2026-09-13"
7,"Cantaré al señor por siempre","Am","","Juan Carlos Alvarado","","","Alabanza","2026-08-30"
8,"El Poderoso de Israel ","Gm","","Juan Carlos Alvarado","","","Alabanza","2026-08-30"
44,"Estamos de Pie","D","","IDEA Worship","Estamos de Pie - IDEA Worship","https://www.youtube.com/watch?v=55oYB7LmZUY","Alabanza","2026-08-30"
9,"Jehová es mi guerrero","Am","","Juan Carlos Alvarado","","","Alabanza","2026-08-30"
38,"La bondad de Dios","G","","","La bondad de Dios - ","","Adoracion ","2026-08-30"
10,"Me gozaré en Jehová ","Am","","Juan Carlos Alvarado ","","","Alabanza","2026-08-30"
45,"Aquí estás ","Em","","","","","Adoracion ","2026-08-21"
12,"Al que está sentado  ","A","","Marcos Brunet","Al que está sentado   - Marcos Brunet","https://www.youtube.com/watch?v=PKd0WGCcxMs&list=RDPKd0WGCcxMs&start_radio=1","Adoracion ","2026-08-09"
40,"Alabaré a mi Señor","C","","Israel Houghton","Alabaré a mi Señor - Israel Houghton","https://www.youtube.com/watch?v=WSHt0fuDICQ","Alabanza","2026-08-09"
39,"Con mis manos Y mi vida","C","","Israel Houghton","Con mis manos Y mi vida - Israel Houghton","https://www.youtube.com/watch?v=WSHt0fuDICQ","Alabanza","2026-08-09"
42,"Hay poder","C","","Israel Houghton","Hay poder - Israel Houghton","https://www.youtube.com/watch?v=WSHt0fuDICQ","Alabanza","2026-08-09"
18,"Socorro","C","","Un corazon ","Socorro - Un corazon ","https://www.youtube.com/watch?v=By1D67IzxI4&list=RDBy1D67IzxI4&start_radio=1","Alabanza","2026-08-09"
41,"Te alabarán oh Jehová todos los reyes","C","","Israel Houghton","Te alabarán oh Jehová todos los reyes - Israel Houghton","https://www.youtube.com/watch?v=WSHt0fuDICQ","Alabanza","2026-08-09"
43,"Ven Espíritu divino","C","","Israel Houghton","Ven Espíritu divino - Israel Houghton","https://www.youtube.com/watch?v=WSHt0fuDICQ","Alabanza","2026-08-09"
5,"Danzando","Am","95 BPM","","Danzando - ","https://www.mukaplay.com/dynps/share/HRcLFwgUFQIqGAkAAhVBBhsBAh8AFCoHCA8bXAwVWU0VEEFBHAsgMAQaADA_UiUkE0EBBwElER4XFAUFDlAMTSMCBQQfUCEMGQgCUD8LHAgIABxQEVUoCRMZAxkcBQRBNFcuGQoTCB9cTSEZABcJUCcaDkFHUDcMAQ4WAAlQOhoZEgkZAE0wGBEAs8ECGUcVDBBBWkJcWFVIRFREX1RQ","Alabanza","2026-07-26"
15,"Tu pueblo dice gracias","D","","","","","Alabanza","2026-07-26"
33,"Yeshua + si te tengo a ti ","C","","G12 y Marcos Brunet","Yeshua + si te tengo a ti  - G12 y Marcos Brunet","https://www.youtube.com/watch?v=V1QBIb7AEkA&list=RDV1QBIb7AEkA&start_radio=1","Adoracion ","2026-07-26"
37,"Cuan grande es Dios ","G","","","Cuan grande es Dios  - ","","Adoracion ","2026-07-12"
16,"Rey","D","","Christine D'Clario","Rey - Christine D'Clario","Christine D'Clario | Rey | En Vivo","Alabanza","2026-07-12"
13,"Con mi Dios","Am","","Jesus Adrian Romero ","Con mi Dios - Jesus Adrian Romero ","Jesús Adrián Romero - Con Mi Dios (Lyric Video)","Alabanza","2026-06-28"
35,"Fiesta en el desierto ","Dm","","Montesanto","Fiesta en el desierto  - Montesanto","","Alabanza","2026-06-14"
20,"Gloria en lo alto","D","","Christine D'Clario","Gloria en lo alto - Christine D'Clario","Christine D Clario   Gloria en lo alto  con letra  medium","Alabanza","2026-06-14"
27,"Hay libertad","Em","","Art Aguilera","Hay libertad - Art Aguilera","Hay Libertad - Art Aguilera (Canción Oficial ) Video Lyric #2","Alabanza","2026-06-14"
36,"Santo por siempre ","F","","La IBI","Santo por siempre  - La IBI","","Adoracion ","2026-06-14"
1,"Gracia Sublime es","D","100 BPM","En espíritu y verdad ","Gracia Sublime es - En espíritu y verdad ","EEYEV - Gracia Sublime Es (Video Lyric)","Alabanza","2026-05-22"
2,"Hay libertad","G","","La IBI","Hay libertad - La IBI","Hay Libertad - Gracia Soberana Música (Video Oficial)","Alabanza","2026-05-22"
34,"Incomprensible Amor","F#m","","New Wine","Incomprensible Amor - New Wine","https://youtu.be/70_2DcsIncY","Adoracion ","2026-05-22"
6,"Hosanna","Em","146 BPM","Marco Barrientos","Hosanna - Marco Barrientos","https://www.youtube.com/watch?v=RHZTk79wAL4&list=RDRHZTk79wAL4&start_radio=1","Alabanza","2026-05-17"
4,"Vamos a cantar","D","","En espiritu y verdad ","Vamos a cantar - En espiritu y verdad ","https://www.youtube.com/watch?v=YZOcxolb5z8&list=RDYZOcxolb5z8&start_radio=1","Alabanza","2026-05-17"
11,"Digno y santo ","D","","Danilo Montero ","Digno y santo  - Danilo Montero ","https://www.youtube.com/results?search_query=Digno+y+santo+","Adoracion ","2026-05-03"
19,"El Dios que adoramos ","E ","","La IBI","El Dios que adoramos  - La IBI","El Dios que Adoramos - Gracia Soberana Música (Video Oficial)","Adoracion ","2026-03-22"
22,"Amor sin condición","C","","Marcos Barriento ","Amor sin condición - Marcos Barriento ","Amor sin condición   Marco Barrientos letra","Alabanza",""
23,"Derramo el perfume ","G","","Monte Santo ","Derramo el perfume  - Monte Santo ","Derramo el Perfume - Montesanto ft Averly Morillo (Video Oficial)","Adoracion ",""
24,"Dios poderoso","Bm","","La IBI","Dios poderoso - La IBI","Dios poderoso - Adoración La IBI [Video OFICIAL]","Alabanza",""
26,"Escucharte hablar","C","","","Escucharte hablar - ","JULISSA | Escucharte Hablar (Music Video)","Adoracion ",""
28,"La tierra canta ","Bm","","Barak","La tierra canta  - Barak","La Tierra Canta | Barak |  Video Oficial | Radical Live","Adoracion ",""
30,"Se manifestara ","Em","138 BPM","Oasis Ministry","Se manifestara  - Oasis Ministry","https://www.youtube.com/watch?v=Qem0WSJXLCE&list=RDQem0WSJXLCE&start_radio=1","Adoracion ",""
32,"Vine a adorarte ","D","","Marcela Gandara ","Vine a adorarte  - Marcela Gandara ","https://www.youtube.com/watch?v=vZIpN5ppC-s&list=RDvZIpN5ppC-s&start_radio=1","Adoracion ",""
